id,name,email,email_verified_at,password,remember_token,created_at,updated_at
1,余伶源,hill.juanita@example.com,2021-11-04 13:42:42,$2y$10$92IXUNpkjO0rOQ5byMi.Ye4oKoEa3Ro9llC/.og/at2.uheWG/igi,bK7jsMsP4b,2021-11-04 13:42:42,2021-11-04 13:42:42
2,邱邦伶,hailee.halvorson@example.com,2021-11-04 13:42:42,$2y$10$92IXUNpkjO0rOQ5byMi.Ye4oKoEa3Ro9llC/.og/at2.uheWG/igi,f4lU2wHxCQ,2021-11-04 13:42:42,2021-11-04 13:42:42
3,黃卓怡,huel.margie@example.com,2021-11-04 13:42:42,$2y$10$92IXUNpkjO0rOQ5byMi.Ye4oKoEa3Ro9llC/.og/at2.uheWG/igi,HvNRfOIFUq,2021-11-04 13:42:42,2021-11-04 13:42:42
4,楊文孜,maia81@example.net,2021-11-04 13:42:42,$2y$10$92IXUNpkjO0rOQ5byMi.Ye4oKoEa3Ro9llC/.og/at2.uheWG/igi,U8EaU7yCVe,2021-11-04 13:42:42,2021-11-04 13:42:42
5,張靜如,hipolito21@example.com,2021-11-04 13:42:42,$2y$10$92IXUNpkjO0rOQ5byMi.Ye4oKoEa3Ro9llC/.og/at2.uheWG/igi,tAEWsUF3DK,2021-11-04 13:42:42,2021-11-04 13:42:42
6,方于婷,von.friedrich@example.com,2021-11-04 13:42:42,$2y$10$92IXUNpkjO0rOQ5byMi.Ye4oKoEa3Ro9llC/.og/at2.uheWG/igi,tKyz6oZ71s,2021-11-04 13:42:42,2021-11-04 13:42:42
7,張淑蓮,felicita34@example.com,2021-11-04 13:42:42,$2y$10$92IXUNpkjO0rOQ5byMi.Ye4oKoEa3Ro9llC/.og/at2.uheWG/igi,GyHBVjNKXd,2021-11-04 13:42:42,2021-11-04 13:42:42
8,楊曉薇,carroll.darien@example.net,2021-11-04 13:42:42,$2y$10$92IXUNpkjO0rOQ5byMi.Ye4oKoEa3Ro9llC/.og/at2.uheWG/igi,LC6KjLNgl9,2021-11-04 13:42:42,2021-11-04 13:42:42
9,鄭祖瑜,dandre.feil@example.org,2021-11-04 13:42:42,$2y$10$92IXUNpkjO0rOQ5byMi.Ye4oKoEa3Ro9llC/.og/at2.uheWG/igi,ZHLDambWMO,2021-11-04 13:42:42,2021-11-04 13:42:42
10,勞欣瑜,nannie51@example.com,2021-11-04 13:42:42,$2y$10$92IXUNpkjO0rOQ5byMi.Ye4oKoEa3Ro9llC/.og/at2.uheWG/igi,0khfa883il,2021-11-04 13:42:42,2021-11-04 13:42:42
11,林恆蓁,mcclure.alyson@example.com,2021-11-04 13:42:42,$2y$10$92IXUNpkjO0rOQ5byMi.Ye4oKoEa3Ro9llC/.og/at2.uheWG/igi,ihsQnWTCIY,2021-11-04 13:42:42,2021-11-04 13:42:42
12,洪百娥,bruen.nicholas@example.net,2021-11-04 13:42:42,$2y$10$92IXUNpkjO0rOQ5byMi.Ye4oKoEa3Ro9llC/.og/at2.uheWG/igi,N6ouOFnKU1,2021-11-04 13:42:42,2021-11-04 13:42:42
13,鐘佩君,zstiedemann@example.net,2021-11-04 13:42:42,$2y$10$92IXUNpkjO0rOQ5byMi.Ye4oKoEa3Ro9llC/.og/at2.uheWG/igi,bRXfJMt27q,2021-11-04 13:42:42,2021-11-04 13:42:42
14,陳郁婷,candice.schinner@example.org,2021-11-04 13:42:42,$2y$10$92IXUNpkjO0rOQ5byMi.Ye4oKoEa3Ro9llC/.og/at2.uheWG/igi,cFvT4U1c7S,2021-11-04 13:42:42,2021-11-04 13:42:42
15,張維泉,deshaun.osinski@example.org,2021-11-04 13:42:42,$2y$10$92IXUNpkjO0rOQ5byMi.Ye4oKoEa3Ro9llC/.og/at2.uheWG/igi,2BmEWlcpW5,2021-11-04 13:42:42,2021-11-04 13:42:42
16,陳金均,mittie75@example.net,2021-11-04 13:42:42,$2y$10$92IXUNpkjO0rOQ5byMi.Ye4oKoEa3Ro9llC/.og/at2.uheWG/igi,vkkqcUzzfV,2021-11-04 13:42:42,2021-11-04 13:42:42
17,蔡彥雨,arnulfo.hoeger@example.net,2021-11-04 13:42:42,$2y$10$92IXUNpkjO0rOQ5byMi.Ye4oKoEa3Ro9llC/.og/at2.uheWG/igi,GP0MgKeTyO,2021-11-04 13:42:42,2021-11-04 13:42:42
18,柳琇諭,noah.huels@example.net,2021-11-04 13:42:42,$2y$10$92IXUNpkjO0rOQ5byMi.Ye4oKoEa3Ro9llC/.og/at2.uheWG/igi,EeuATp6gic,2021-11-04 13:42:42,2021-11-04 13:42:42
19,黃莉廷,harmony.prohaska@example.net,2021-11-04 13:42:42,$2y$10$92IXUNpkjO0rOQ5byMi.Ye4oKoEa3Ro9llC/.og/at2.uheWG/igi,TZEjpUR8PZ,2021-11-04 13:42:43,2021-11-04 13:42:43
20,鄭靜雯,tracey12@example.com,2021-11-04 13:42:42,$2y$10$92IXUNpkjO0rOQ5byMi.Ye4oKoEa3Ro9llC/.og/at2.uheWG/igi,0Ql2Nh226l,2021-11-04 13:42:43,2021-11-04 13:42:43
21,阮軒豪,aondricka@example.net,2021-11-04 13:42:42,$2y$10$92IXUNpkjO0rOQ5byMi.Ye4oKoEa3Ro9llC/.og/at2.uheWG/igi,BfULBI4kcT,2021-11-04 13:42:43,2021-11-04 13:42:43
22,袁怡君,dangelo46@example.com,2021-11-04 13:42:42,$2y$10$92IXUNpkjO0rOQ5byMi.Ye4oKoEa3Ro9llC/.og/at2.uheWG/igi,3goOpTl28h,2021-11-04 13:42:43,2021-11-04 13:42:43
23,陳宗翰,dangelo.hilpert@example.net,2021-11-04 13:42:42,$2y$10$92IXUNpkjO0rOQ5byMi.Ye4oKoEa3Ro9llC/.og/at2.uheWG/igi,rt0rPM7c3V,2021-11-04 13:42:43,2021-11-04 13:42:43
24,彭玉娟,dmurphy@example.net,2021-11-04 13:42:42,$2y$10$92IXUNpkjO0rOQ5byMi.Ye4oKoEa3Ro9llC/.og/at2.uheWG/igi,r8dIdLDwoK,2021-11-04 13:42:43,2021-11-04 13:42:43
25,林俊傑,gutmann.dorris@example.net,2021-11-04 13:42:42,$2y$10$92IXUNpkjO0rOQ5byMi.Ye4oKoEa3Ro9llC/.og/at2.uheWG/igi,3bFEjq99ud,2021-11-04 13:42:43,2021-11-04 13:42:43
26,鄭芃隆,lhomenick@example.net,2021-11-04 13:42:42,$2y$10$92IXUNpkjO0rOQ5byMi.Ye4oKoEa3Ro9llC/.og/at2.uheWG/igi,K730wMIbxM,2021-11-04 13:42:43,2021-11-04 13:42:43
27,張冠霖,eladio.shanahan@example.com,2021-11-04 13:42:42,$2y$10$92IXUNpkjO0rOQ5byMi.Ye4oKoEa3Ro9llC/.og/at2.uheWG/igi,wNIn7QaQjg,2021-11-04 13:42:43,2021-11-04 13:42:43
28,高俊函,kuphal.jedidiah@example.net,2021-11-04 13:42:42,$2y$10$92IXUNpkjO0rOQ5byMi.Ye4oKoEa3Ro9llC/.og/at2.uheWG/igi,sjSPXZLkts,2021-11-04 13:42:43,2021-11-04 13:42:43
29,陳美琴,odessa69@example.com,2021-11-04 13:42:42,$2y$10$92IXUNpkjO0rOQ5byMi.Ye4oKoEa3Ro9llC/.og/at2.uheWG/igi,1a9Ego2Y7H,2021-11-04 13:42:43,2021-11-04 13:42:43
30,林靜怡,mason21@example.net,2021-11-04 13:42:42,$2y$10$92IXUNpkjO0rOQ5byMi.Ye4oKoEa3Ro9llC/.og/at2.uheWG/igi,t1EiLHr3ng,2021-11-04 13:42:43,2021-11-04 13:42:43
31,林哲瑋,bernier.ana@example.com,2021-11-04 13:42:42,$2y$10$92IXUNpkjO0rOQ5byMi.Ye4oKoEa3Ro9llC/.og/at2.uheWG/igi,2p5F59YzD3,2021-11-04 13:42:43,2021-11-04 13:42:43
32,酆詠萱,schmidt.tess@example.org,2021-11-04 13:42:42,$2y$10$92IXUNpkjO0rOQ5byMi.Ye4oKoEa3Ro9llC/.og/at2.uheWG/igi,NXuZPSDWma,2021-11-04 13:42:43,2021-11-04 13:42:43
33,詹庭依,hal53@example.org,2021-11-04 13:42:42,$2y$10$92IXUNpkjO0rOQ5byMi.Ye4oKoEa3Ro9llC/.og/at2.uheWG/igi,3VtA0WttFJ,2021-11-04 13:42:43,2021-11-04 13:42:43
34,林泰亞,ajast@example.net,2021-11-04 13:42:42,$2y$10$92IXUNpkjO0rOQ5byMi.Ye4oKoEa3Ro9llC/.og/at2.uheWG/igi,u7qoxD58GQ,2021-11-04 13:42:43,2021-11-04 13:42:43
35,林琦瑤,alda48@example.com,2021-11-04 13:42:42,$2y$10$92IXUNpkjO0rOQ5byMi.Ye4oKoEa3Ro9llC/.og/at2.uheWG/igi,LiV08xTdbx,2021-11-04 13:42:43,2021-11-04 13:42:43
36,孫珊剛,ebert.tamia@example.net,2021-11-04 13:42:42,$2y$10$92IXUNpkjO0rOQ5byMi.Ye4oKoEa3Ro9llC/.og/at2.uheWG/igi,9xmB0fUlpH,2021-11-04 13:42:43,2021-11-04 13:42:43
37,高淑娟,zoie.feeney@example.com,2021-11-04 13:42:42,$2y$10$92IXUNpkjO0rOQ5byMi.Ye4oKoEa3Ro9llC/.og/at2.uheWG/igi,OIcZtQtRl8,2021-11-04 13:42:43,2021-11-04 13:42:43
38,王裕玉,cierra80@example.net,2021-11-04 13:42:42,$2y$10$92IXUNpkjO0rOQ5byMi.Ye4oKoEa3Ro9llC/.og/at2.uheWG/igi,1lK5htD13r,2021-11-04 13:42:43,2021-11-04 13:42:43
39,江健豪,walker.olga@example.net,2021-11-04 13:42:42,$2y$10$92IXUNpkjO0rOQ5byMi.Ye4oKoEa3Ro9llC/.og/at2.uheWG/igi,QR1F8loeSN,2021-11-04 13:42:43,2021-11-04 13:42:43
40,黃子平,kariane.stamm@example.com,2021-11-04 13:42:42,$2y$10$92IXUNpkjO0rOQ5byMi.Ye4oKoEa3Ro9llC/.og/at2.uheWG/igi,7NehatNNwz,2021-11-04 13:42:43,2021-11-04 13:42:43
41,趙育儒,verla24@example.org,2021-11-04 13:42:42,$2y$10$92IXUNpkjO0rOQ5byMi.Ye4oKoEa3Ro9llC/.og/at2.uheWG/igi,MPya6Khsds,2021-11-04 13:42:43,2021-11-04 13:42:43
42,鄧郁文,ada01@example.net,2021-11-04 13:42:42,$2y$10$92IXUNpkjO0rOQ5byMi.Ye4oKoEa3Ro9llC/.og/at2.uheWG/igi,yXkeJrrgZe,2021-11-04 13:42:43,2021-11-04 13:42:43
43,李世昌,arlene.gutmann@example.com,2021-11-04 13:42:42,$2y$10$92IXUNpkjO0rOQ5byMi.Ye4oKoEa3Ro9llC/.og/at2.uheWG/igi,B600zAav37,2021-11-04 13:42:43,2021-11-04 13:42:43
44,林惠雯,ijaskolski@example.org,2021-11-04 13:42:42,$2y$10$92IXUNpkjO0rOQ5byMi.Ye4oKoEa3Ro9llC/.og/at2.uheWG/igi,i8QCvScYyb,2021-11-04 13:42:43,2021-11-04 13:42:43
45,蔡明妤,hagenes.libby@example.com,2021-11-04 13:42:42,$2y$10$92IXUNpkjO0rOQ5byMi.Ye4oKoEa3Ro9llC/.og/at2.uheWG/igi,pwRYX6yeOx,2021-11-04 13:42:43,2021-11-04 13:42:43
46,徐嘉凌,santino.kuhic@example.net,2021-11-04 13:42:42,$2y$10$92IXUNpkjO0rOQ5byMi.Ye4oKoEa3Ro9llC/.og/at2.uheWG/igi,vlKSNtMCEc,2021-11-04 13:42:43,2021-11-04 13:42:43
47,林靜宜,ureinger@example.org,2021-11-04 13:42:42,$2y$10$92IXUNpkjO0rOQ5byMi.Ye4oKoEa3Ro9llC/.og/at2.uheWG/igi,p0Q1n4V2My,2021-11-04 13:42:43,2021-11-04 13:42:43
48,李允揚,beatty.erika@example.com,2021-11-04 13:42:42,$2y$10$92IXUNpkjO0rOQ5byMi.Ye4oKoEa3Ro9llC/.og/at2.uheWG/igi,bavqTaq3qB,2021-11-04 13:42:43,2021-11-04 13:42:43
49,林宜君,sipes.wilmer@example.org,2021-11-04 13:42:42,$2y$10$92IXUNpkjO0rOQ5byMi.Ye4oKoEa3Ro9llC/.og/at2.uheWG/igi,648XN7J9LE,2021-11-04 13:42:43,2021-11-04 13:42:43
50,胡千慧,uhoeger@example.com,2021-11-04 13:42:42,$2y$10$92IXUNpkjO0rOQ5byMi.Ye4oKoEa3Ro9llC/.og/at2.uheWG/igi,1Ct6mJnWW5,2021-11-04 13:42:43,2021-11-04 13:42:43